{
  "generator-jhipster": {
    "applicationType": "monolith",
    "gitCompany": "",
    "baseName": "AssignmentWebApp",
    "packageName": "com.mycompany.myapp",
    "packageFolder": "com/mycompany/myapp",
    "serverPort": 8080,
    "serviceDiscoveryType": false,
    "authenticationType": "jwt",
    "cacheProvider": "no",
    "enableHibernateCache": false,
    "websocket": false,
    "databaseType": "mongodb",
    "devDatabaseType": "mongodb",
    "prodDatabaseType": "mongodb",
    "searchEngine": false,
    "enableSwaggerCodegen": false,
    "messageBroker": false,
    "buildTool": "maven",
    "useSass": true,
    "clientPackageManager": "npm",
    "testFrameworks": [],
    "enableTranslation": false,
    "nativeLanguage": "en",
    "languages": ["en"],
    "clientFramework": "react",
    "jhiPrefix": "jhi",
    "withAdminUi": true,
    "jhipsterVersion": "7.5.0",
    "skipUserManagement": false,
    "skipCheckLengthOfIdentifier": false,
    "skipFakeData": false,
    "entitySuffix": "",
    "dtoSuffix": "DTO",
    "blueprints": [],
    "otherModules": [],
    "pages": [],
    "creationTimestamp": 1641793525191,
    "jwtSecretKey": "YTY3YTNkMzkxNDRhNDM0ZGE3OGQyM2Y4NTllZGYxOWQxMjhmZjY2OTc5ZWZjZWQ4Yjk5NTM0MWI2MjcwNzIzMTBkMDE1MGYwOWEyZWE3YmYzMDE4Y2E1NGUxYWIyOTE5OTYyMzhmYjJjOWU4OTVhM2I0ZjNmMDIwMGI0MzkxMWI=",
    "devServerPort": 9060,
    "clientTheme": "none",
    "clientThemeVariant": "",
    "reactive": false,
    "enableGradleEnterprise": false
  }
}
